CREATE DATABASE  IF NOT EXISTS `monsoon` /*!40100 DEFAULT CHARACTER SET utf8 */;
USE `monsoon`;
-- MySQL dump 10.13  Distrib 5.6.17, for Win32 (x86)
--
-- Host: localhost    Database: laughguru
-- ------------------------------------------------------
-- Server version	5.5.34-0ubuntu0.13.04.1

/*!40101 SET @OLD_CHARACTER_SET_CLIENT=@@CHARACTER_SET_CLIENT */;
/*!40101 SET @OLD_CHARACTER_SET_RESULTS=@@CHARACTER_SET_RESULTS */;
/*!40101 SET @OLD_COLLATION_CONNECTION=@@COLLATION_CONNECTION */;
/*!40101 SET NAMES utf8 */;
/*!40103 SET @OLD_TIME_ZONE=@@TIME_ZONE */;
/*!40103 SET TIME_ZONE='+00:00' */;
/*!40014 SET @OLD_UNIQUE_CHECKS=@@UNIQUE_CHECKS, UNIQUE_CHECKS=0 */;
/*!40014 SET @OLD_FOREIGN_KEY_CHECKS=@@FOREIGN_KEY_CHECKS, FOREIGN_KEY_CHECKS=0 */;
/*!40101 SET @OLD_SQL_MODE=@@SQL_MODE, SQL_MODE='NO_AUTO_VALUE_ON_ZERO' */;
/*!40111 SET @OLD_SQL_NOTES=@@SQL_NOTES, SQL_NOTES=0 */;

--
-- Table structure for table `board`
--

DROP TABLE IF EXISTS `board`;
/*!40101 SET @saved_cs_client     = @@character_set_client */;
/*!40101 SET character_set_client = utf8 */;
CREATE TABLE `board` (
  `subject_id` int(4) NOT NULL,
  `CBSE` set('Y','N') NOT NULL,
  `ICSE` set('Y','N') NOT NULL,
  `SSC` set('Y','N') NOT NULL,
  `IGCSE` set('Y','N') NOT NULL,
  PRIMARY KEY (`subject_id`),
  KEY `subject_id` (`subject_id`),
  CONSTRAINT `board_ibfk_1` FOREIGN KEY (`subject_id`) REFERENCES `topics` (`subject_id`) ON DELETE CASCADE ON UPDATE CASCADE
) ENGINE=InnoDB DEFAULT CHARSET=latin1;
/*!40101 SET character_set_client = @saved_cs_client */;

--
-- Dumping data for table `board`
--

LOCK TABLES `board` WRITE;
/*!40000 ALTER TABLE `board` DISABLE KEYS */;
INSERT INTO `board` VALUES (10,'Y','Y','Y','Y'),(20,'Y','Y','Y','Y'),(30,'Y','Y','Y','Y'),(40,'Y','Y','Y','Y'),(50,'Y','Y','Y','Y'),(60,'Y','Y','Y','Y'),(70,'Y','Y','Y','Y'),(80,'Y','Y','Y','Y'),(90,'Y','Y','Y','Y'),(100,'Y','Y','Y','Y'),(110,'Y','Y','Y','Y'),(120,'Y','Y','Y','Y'),(500,'Y','Y','Y','Y'),(510,'N','Y','Y','Y'),(520,'Y','Y','Y','Y'),(530,'Y','Y','Y','Y'),(540,'Y','Y','Y','Y'),(550,'N','Y','Y','Y'),(560,'Y','Y','Y','Y'),(570,'Y','Y','Y','Y'),(580,'Y','Y','N','Y'),(590,'N','Y','N','Y'),(600,'Y','Y','Y','Y'),(610,'Y','Y','Y','Y'),(620,'Y','N','Y','N'),(630,'Y','N','N','N'),(640,'Y','N','Y','N'),(1000,'Y','Y','Y','Y'),(1010,'Y','Y','Y','Y'),(1020,'N','Y','Y','Y'),(1030,'N','Y','Y','Y'),(1040,'Y','Y','Y','Y'),(1050,'N','Y','Y','Y'),(1060,'N','Y','Y','Y'),(1070,'Y','Y','Y','Y'),(1080,'Y','Y','Y','Y'),(1090,'N','Y','N','Y'),(1100,'N','Y','N','Y'),(1110,'N','Y','N','Y'),(1120,'Y','N','N','N'),(1130,'Y','N','N','N'),(1140,'Y','N','N','N'),(1150,'Y','N','N','N'),(1160,'Y','N','Y','N'),(1170,'Y','N','Y','N'),(1180,'Y','N','Y','N');
/*!40000 ALTER TABLE `board` ENABLE KEYS */;
UNLOCK TABLES;

--
-- Table structure for table `feedback`
--

DROP TABLE IF EXISTS `feedback`;
/*!40101 SET @saved_cs_client     = @@character_set_client */;
/*!40101 SET character_set_client = utf8 */;
CREATE TABLE `feedback` (
  `user_id` int(11) NOT NULL,
  `subject_id` int(4) NOT NULL,
  `time` datetime NOT NULL,
  `q1` set('1','2','3','4','5') NOT NULL,
  `q2` set('1','2','3','4','5') NOT NULL,
  `q3` set('1','2','3','4','5') NOT NULL,
  `q4` set('1','2','3','4','5') NOT NULL,
  `q5` set('1','2','3','4') NOT NULL,
  `q6` set('1','2','3','4') NOT NULL,
  `q7` text,
  PRIMARY KEY (`user_id`,`subject_id`,`time`),
  KEY `user_id` (`user_id`),
  KEY `subject_id` (`subject_id`),
  CONSTRAINT `feedback_ibfk_1` FOREIGN KEY (`user_id`) REFERENCES `user_reg` (`user_id`) ON DELETE CASCADE ON UPDATE CASCADE,
  CONSTRAINT `feedback_ibfk_2` FOREIGN KEY (`subject_id`) REFERENCES `topics` (`subject_id`) ON DELETE CASCADE ON UPDATE CASCADE
) ENGINE=InnoDB DEFAULT CHARSET=latin1;
/*!40101 SET character_set_client = @saved_cs_client */;

--
-- Dumping data for table `feedback`
--

LOCK TABLES `feedback` WRITE;
/*!40000 ALTER TABLE `feedback` DISABLE KEYS */;
INSERT INTO `feedback` VALUES (28,40,'2014-06-18 22:25:35','3','5','4','3','1','1',''),(28,90,'2014-06-18 22:35:03','3','5','4','2','1','1',''),(28,100,'2014-06-18 22:30:33','4','5','4','2','1','1',''),(28,170,'2014-07-04 20:24:32','3','5','4','1','1','1',''),(28,620,'2014-07-04 21:12:06','3','5','5','1','1','1',''),(28,670,'2014-07-04 21:01:55','4','5','4','1','1','1',''),(28,680,'2014-07-04 20:48:21','3','5','5','3','1','1',''),(28,1060,'2014-07-04 20:53:11','4','5','5','1','1','1',''),(28,1080,'2014-06-18 22:36:24','3','4','4','3','1','1',''),(28,1080,'2014-06-18 22:38:50','4','4','5','1','1','1',''),(28,1130,'2014-07-04 21:17:03','4','5','5','1','1','1',''),(28,1150,'2014-07-04 21:21:03','5','5','5','1','1','1',''),(33,10,'2014-06-25 19:34:12','2','5','5','2','1','1',''),(33,20,'2014-06-25 19:41:28','1','5','5','1','1','1',''),(33,20,'2014-06-25 19:47:15','2','5','5','1','1','1',''),(33,50,'2014-06-25 19:30:49','2','5','5','2','1','1',''),(33,1160,'2014-06-25 19:58:25','1','5','5','1','1','1',''),(33,1170,'2014-06-25 19:55:30','3','5','5','1','1','1',''),(33,1180,'2014-06-25 19:51:41','1','5','5','1','1','1',''),(35,30,'2014-06-17 14:59:20','3','4','4','3','1','1',''),(35,40,'2014-06-18 15:13:12','4','5','5','1','1','1',''),(35,60,'2014-06-24 19:57:28','4','3','3','1','1','1',''),(35,70,'2014-06-24 19:49:49','5','5','5','1','1','1',''),(35,80,'2014-06-24 19:52:39','5','5','4','1','1','1',''),(35,90,'2014-06-18 15:15:30','5','5','5','2','1','1',''),(35,100,'2014-06-18 15:14:04','5','4','5','1','1','1',''),(35,110,'2014-06-17 15:01:43','4','4','4','1','1','1',''),(35,110,'2014-06-17 15:17:38','4','4','4','1','1','1',''),(35,110,'2014-06-19 13:54:50','5','3','3','1','1','1',''),(35,120,'2014-06-17 15:12:55','2','3','3','4','1','1',''),(35,130,'2014-07-03 14:34:51','3','3','4','2','1','1',''),(35,140,'2014-07-03 14:34:06','4','4','4','3','1','1',''),(35,160,'2014-07-03 14:32:21','3','3','2','3','1','1',''),(35,500,'2014-06-18 15:16:56','5','4','3','3','1','1',''),(35,520,'2014-06-17 15:08:10','3','5','5','1','1','1',''),(35,530,'2014-06-18 15:24:31','5','4','5','1','1','1',''),(35,560,'2014-06-18 15:18:14','4','5','5','1','1','1',''),(35,570,'2014-06-17 15:03:28','2','4','3','3','1','3',''),(35,610,'2014-06-17 15:22:36','4','3','5','1','1','1','Awesome Story !!'),(35,1000,'2014-06-17 15:05:35','4','4','5','3','1','1',''),(35,1010,'2014-06-19 13:56:07','5','5','5','1','1','1',''),(35,1010,'2014-06-19 13:57:36','4','3','3','3','1','1',''),(35,1050,'2014-07-03 14:37:14','5','3','3','3','1','1',''),(35,1070,'2014-06-17 15:16:41','4','3','5','1','1','1',''),(35,1080,'2014-06-18 15:21:35','5','5','5','1','1','1',''),(36,60,'2014-06-24 19:18:26','2','5','2','3','3','1','this is a first std lesson'),(36,70,'2014-06-24 19:15:27','1','5','1','3','1','1',''),(36,80,'2014-06-24 19:22:37','3','5','3','1','1','1',' this is toooooooooooooooooo simpe'),(36,550,'2014-06-24 19:28:03','1','5','1','5','4','1','this not 6 th std lesson this is for 1 st std                               it was  tooooooooooooooooooooooooooooooooooooooooooooooooooo simple'),(41,530,'2014-06-22 20:02:20','3','3','3','3','1','1','maybe for the parallelogram, you could show a dotted line/arrow sort of thing for the height. just like the length and breadth of the rectangle'),(41,560,'2014-06-22 19:52:48','1','3','2','3','1','1',''),(44,40,'2014-06-20 15:42:04','2','4','1','4','4','1',''),(44,70,'2014-06-26 18:06:54','4','4','3','1','1','1',''),(44,110,'2014-06-21 11:33:46','4','3','4','1','1','1',''),(44,130,'2014-07-03 14:36:23','3','4','3','1','1','1',''),(44,140,'2014-07-03 14:40:01','4','4','3','1','1','1',''),(44,160,'2014-07-03 14:42:03','3','3','3','1','1','1',''),(44,500,'2014-06-18 16:27:47','3','4','3','4','3','1',''),(44,520,'2014-06-21 11:29:45','3','4','4','3','3','1',''),(44,540,'2014-06-26 17:41:52','4','5','4','1','1','1',''),(44,570,'2014-06-21 11:36:47','5','4','4','1','1','1',''),(44,590,'2014-07-03 14:16:07','3','4','4','1','1','1',''),(44,600,'2014-06-26 18:10:33','5','4','5','1','1','1',''),(44,610,'2014-06-21 11:40:40','5','5','5','1','1','1',''),(44,620,'2014-07-04 15:55:42','1','2','1','5','4','1','instead of explaining about pills, pizzas or cakes can be a better option'),(44,650,'2014-07-03 14:19:14','1','2','1','5','4','1',''),(44,660,'2014-07-03 14:22:53','4','4','5','2','1','1',''),(44,670,'2014-07-04 16:02:06','2','3','3','3','1','1',''),(44,680,'2014-07-04 16:04:05','3','4','3','4','1','1',''),(44,1050,'2014-07-03 14:29:31','4','4','4','3','2','1','diamonds and graphite, though being non-metals , can carry electricity'),(44,1070,'2014-06-21 11:24:31','3','4','4','1','1','1',''),(44,1080,'2014-06-18 16:24:27','3','4','4','1','1','1',''),(44,1090,'2014-07-03 14:34:06','2','3','2','5','4','1',''),(44,1100,'2014-06-26 17:47:01','4','5','5','1','1','1',''),(44,1110,'2014-06-26 17:54:27','3','4','3','3','1','1','instead of explaining the diagrams using plain figures, must even add some objects to make them better.'),(44,1120,'2014-07-03 14:10:05','4','4','4','1','1','1',''),(44,1130,'2014-07-04 16:12:28','4','4','4','1','1','1',''),(44,1150,'2014-07-04 16:17:36','3','4','3','3','1','1',''),(44,1160,'2014-06-25 14:36:49','4','4','3','4','1','1',''),(44,1180,'2014-06-25 14:56:47','1','3','2','5','4','1',''),(46,10,'2014-06-25 21:17:23','2','3','5','3','1','1',''),(46,20,'2014-06-25 21:09:31','3','4','4','3','1','1',''),(46,30,'2014-06-21 20:31:12','1','4','4','3','1','1',''),(46,50,'2014-06-25 21:13:47','3','2','5','3','1','1',''),(46,110,'2014-06-21 20:41:40','2','3','5','3','1','1',''),(46,120,'2014-06-21 20:34:13','1','4','3','3','1','1',''),(46,150,'2014-07-06 14:56:19','5','4','4','3','1','1',''),(46,180,'2014-07-06 21:26:13','2','3','5','3','1','1',''),(46,510,'2014-06-25 21:20:57','4','3','5','1','1','1',''),(46,520,'2014-06-21 20:17:01','3','3','4','2','1','1',''),(46,580,'2014-06-25 21:35:02','3','4','4','3','2','1',''),(46,610,'2014-06-21 20:50:56','4','3','4','3','1','1',''),(46,620,'2014-07-06 21:51:27','5','4','3','3','1','1',''),(46,640,'2014-06-25 21:31:28','3','2','4','3','1','1',''),(46,670,'2014-07-06 21:31:49','4','3','5','3','1','1',''),(46,680,'2014-07-06 21:28:51','3','3','3','3','1','1',''),(46,1000,'2014-06-21 20:23:06','2','4','2','3','1','1',''),(46,1010,'2014-06-21 20:56:11','2','2','5','3','1','4','it was a bit hard to remember things about all the microorganisms...'),(46,1060,'2014-07-06 21:44:34','2','2','4','3','1','4','THE SLIDE WAS CHANGING VERY FAST..IT WAS DIFFICULT TO COMPLETE READIND'),(46,1070,'2014-06-21 20:47:22','3','3','5','2','1','1',''),(46,1130,'2014-07-06 21:38:20','2','2','5','3','1','1',''),(46,1150,'2014-07-06 21:49:50','5','5','5','3','1','1',''),(47,10,'2014-06-25 21:00:04','3','3','3','3','1','1','It was very funny and if there was sound available i would have enjoyed it more...'),(47,50,'2014-06-25 20:56:16','3','4','3','3','1','1','Nothing for now'),(47,150,'2014-07-02 23:03:29','4','5','4','2','1','1','i really liked it...its very funny...'),(47,510,'2014-06-25 21:07:39','2','3','1','4','2','1',''),(47,670,'2014-07-06 16:25:10','2','4','2','5','3','1',''),(47,1150,'2014-07-06 16:23:05','2','3','3','4','1','1',''),(50,150,'2014-07-02 19:46:16','5','5','5','1','1','1',''),(50,620,'2014-07-02 19:58:53','3','3','4','3','1','1',''),(50,670,'2014-07-02 20:01:10','3','5','3','4','1','1',''),(50,680,'2014-07-02 19:51:08','3','5','4','2','1','1',''),(50,1060,'2014-07-02 19:54:22','4','5','5','1','1','1',''),(50,1130,'2014-07-02 19:49:27','5','4','4','1','1','1',''),(50,1150,'2014-07-02 19:42:30','4','4','4','2','1','1',''),(52,1000,'2014-06-17 16:13:39','3','3','4','3','1','1','I like  the last part that is the blockbuster dialogue .I also like the part where they sing like a rock band.');
/*!40000 ALTER TABLE `feedback` ENABLE KEYS */;
UNLOCK TABLES;

--
-- Table structure for table `likes`
--

DROP TABLE IF EXISTS `likes`;
/*!40101 SET @saved_cs_client     = @@character_set_client */;
/*!40101 SET character_set_client = utf8 */;
CREATE TABLE `likes` (
  `like_id` int(11) NOT NULL AUTO_INCREMENT,
  `user_id` int(11) NOT NULL,
  `subject_id` int(4) NOT NULL,
  PRIMARY KEY (`like_id`),
  KEY `user_id` (`user_id`),
  KEY `subject_id` (`subject_id`),
  CONSTRAINT `likes_ibfk_1` FOREIGN KEY (`user_id`) REFERENCES `user_reg` (`user_id`) ON DELETE CASCADE ON UPDATE CASCADE,
  CONSTRAINT `likes_ibfk_2` FOREIGN KEY (`subject_id`) REFERENCES `topics` (`subject_id`) ON DELETE CASCADE ON UPDATE CASCADE
) ENGINE=InnoDB AUTO_INCREMENT=55 DEFAULT CHARSET=latin1;
/*!40101 SET character_set_client = @saved_cs_client */;

--
-- Dumping data for table `likes`
--

LOCK TABLES `likes` WRITE;
/*!40000 ALTER TABLE `likes` DISABLE KEYS */;
INSERT INTO `likes` VALUES (2,35,110),(3,35,120),(4,35,30),(5,52,1000),(6,28,40),(8,28,100),(9,28,90),(10,28,1080),(27,28,20),(28,28,50),(29,28,10),(30,28,1170),(31,28,1180),(32,28,1160),(33,28,640),(34,28,580),(35,28,510),(38,47,150),(41,44,160),(42,44,130),(44,44,660),(45,28,150),(46,28,170),(48,28,180),(49,28,1060),(50,28,1130),(51,28,1150),(52,28,680),(53,28,620),(54,28,670);
/*!40000 ALTER TABLE `likes` ENABLE KEYS */;
UNLOCK TABLES;

--
-- Table structure for table `notifications`
--

DROP TABLE IF EXISTS `notifications`;
/*!40101 SET @saved_cs_client     = @@character_set_client */;
/*!40101 SET character_set_client = utf8 */;
CREATE TABLE `notifications` (
  `pk` int(11) NOT NULL AUTO_INCREMENT,
  `user_id` int(11) NOT NULL,
  `date` date NOT NULL,
  `sent` int(1) NOT NULL,
  PRIMARY KEY (`pk`)
) ENGINE=InnoDB AUTO_INCREMENT=12 DEFAULT CHARSET=latin1;
/*!40101 SET character_set_client = @saved_cs_client */;

--
-- Dumping data for table `notifications`
--

LOCK TABLES `notifications` WRITE;
/*!40000 ALTER TABLE `notifications` DISABLE KEYS */;
INSERT INTO `notifications` VALUES (10,1,'2014-06-21',1),(11,3,'2014-06-21',1);
/*!40000 ALTER TABLE `notifications` ENABLE KEYS */;
UNLOCK TABLES;

--
-- Table structure for table `permissions`
--

DROP TABLE IF EXISTS `permissions`;
/*!40101 SET @saved_cs_client     = @@character_set_client */;
/*!40101 SET character_set_client = utf8 */;
CREATE TABLE `permissions` (
  `user_id` int(11) NOT NULL,
  `subject_id` int(4) NOT NULL,
  `locked` set('Y','N') NOT NULL DEFAULT 'Y',
  PRIMARY KEY (`user_id`,`subject_id`),
  KEY `subject_id` (`subject_id`),
  CONSTRAINT `permissions_ibfk_1` FOREIGN KEY (`user_id`) REFERENCES `user_reg` (`user_id`) ON DELETE CASCADE ON UPDATE CASCADE,
  CONSTRAINT `permissions_ibfk_2` FOREIGN KEY (`subject_id`) REFERENCES `topics` (`subject_id`) ON DELETE CASCADE ON UPDATE CASCADE
) ENGINE=InnoDB DEFAULT CHARSET=latin1;
/*!40101 SET character_set_client = @saved_cs_client */;

--
-- Dumping data for table `permissions`
--

LOCK TABLES `permissions` WRITE;
/*!40000 ALTER TABLE `permissions` DISABLE KEYS */;
INSERT INTO `permissions` VALUES (1,10,'N'),(1,20,'N'),(1,30,'N'),(1,40,'N'),(1,50,'N'),(1,60,'N'),(1,70,'N'),(1,80,'N'),(1,90,'N'),(1,100,'N'),(1,110,'N'),(1,120,'N'),(1,130,'N'),(1,140,'N'),(1,150,'N'),(1,160,'N'),(1,170,'N'),(1,180,'N'),(1,500,'N'),(1,510,'N'),(1,520,'N'),(1,530,'N'),(1,540,'N'),(1,550,'N'),(1,560,'N'),(1,570,'N'),(1,580,'N'),(1,590,'N'),(1,600,'N'),(1,610,'N'),(1,620,'N'),(1,630,'N'),(1,640,'N'),(1,650,'N'),(1,660,'N'),(1,670,'N'),(1,680,'N'),(1,1000,'N'),(1,1010,'N'),(1,1020,'N'),(1,1030,'N'),(1,1040,'N'),(1,1050,'N'),(1,1060,'N'),(1,1070,'N'),(1,1080,'N'),(1,1090,'N'),(1,1100,'N'),(1,1110,'N'),(1,1120,'N'),(1,1130,'N'),(1,1140,'N'),(1,1150,'N'),(1,1160,'N'),(1,1170,'N'),(1,1180,'N'),(28,10,'N'),(28,20,'N'),(28,30,'N'),(28,40,'N'),(28,50,'N'),(28,60,'N'),(28,70,'N'),(28,80,'N'),(28,90,'N'),(28,100,'N'),(28,110,'N'),(28,120,'N'),(28,130,'N'),(28,140,'N'),(28,150,'N'),(28,160,'N'),(28,170,'N'),(28,180,'N'),(28,500,'N'),(28,510,'N'),(28,520,'N'),(28,530,'N'),(28,540,'N'),(28,550,'N'),(28,560,'N'),(28,570,'N'),(28,580,'N'),(28,590,'N'),(28,600,'N'),(28,610,'N'),(28,620,'N'),(28,630,'N'),(28,640,'N'),(28,650,'N'),(28,660,'N'),(28,670,'N'),(28,680,'N'),(28,1000,'N'),(28,1010,'N'),(28,1020,'N'),(28,1030,'N'),(28,1040,'N'),(28,1050,'N'),(28,1060,'N'),(28,1070,'N'),(28,1080,'N'),(28,1090,'N'),(28,1100,'N'),(28,1110,'N'),(28,1120,'N'),(28,1130,'N'),(28,1140,'N'),(28,1150,'N'),(28,1160,'N'),(28,1170,'N'),(28,1180,'N'),(29,10,'N'),(29,20,'N'),(29,30,'N'),(29,40,'N'),(29,50,'N'),(29,60,'N'),(29,70,'N'),(29,80,'N'),(29,90,'N'),(29,100,'N'),(29,110,'N'),(29,120,'N'),(29,130,'N'),(29,140,'N'),(29,150,'N'),(29,160,'N'),(29,170,'N'),(29,180,'N'),(29,500,'N'),(29,510,'N'),(29,520,'N'),(29,530,'N'),(29,540,'N'),(29,550,'N'),(29,560,'N'),(29,570,'N'),(29,580,'N'),(29,590,'N'),(29,600,'N'),(29,610,'N'),(29,620,'N'),(29,630,'N'),(29,640,'N'),(29,650,'N'),(29,660,'N'),(29,670,'N'),(29,680,'N'),(29,1000,'N'),(29,1010,'N'),(29,1020,'N'),(29,1030,'N'),(29,1040,'N'),(29,1050,'N'),(29,1060,'N'),(29,1070,'N'),(29,1080,'N'),(29,1090,'N'),(29,1100,'N'),(29,1110,'N'),(29,1120,'N'),(29,1130,'N'),(29,1140,'N'),(29,1150,'N'),(29,1160,'N'),(29,1170,'N'),(29,1180,'N'),(30,10,'N'),(30,20,'N'),(30,30,'N'),(30,40,'N'),(30,50,'N'),(30,60,'N'),(30,70,'N'),(30,80,'N'),(30,90,'N'),(30,100,'N'),(30,110,'N'),(30,120,'N'),(30,130,'N'),(30,140,'N'),(30,150,'N'),(30,160,'N'),(30,170,'N'),(30,180,'N'),(30,500,'N'),(30,510,'N'),(30,520,'N'),(30,530,'N'),(30,540,'N'),(30,550,'N'),(30,560,'N'),(30,570,'N'),(30,580,'N'),(30,590,'N'),(30,600,'N'),(30,610,'N'),(30,620,'N'),(30,630,'N'),(30,640,'N'),(30,650,'N'),(30,660,'N'),(30,670,'N'),(30,680,'N'),(30,1000,'N'),(30,1010,'N'),(30,1020,'N'),(30,1030,'N'),(30,1040,'N'),(30,1050,'N'),(30,1060,'N'),(30,1070,'N'),(30,1080,'N'),(30,1090,'N'),(30,1100,'N'),(30,1110,'N'),(30,1120,'N'),(30,1130,'N'),(30,1140,'N'),(30,1150,'N'),(30,1160,'N'),(30,1170,'N'),(30,1180,'N'),(31,10,'N'),(31,20,'N'),(31,30,'N'),(31,40,'N'),(31,50,'N'),(31,60,'N'),(31,70,'N'),(31,80,'N'),(31,90,'N'),(31,100,'N'),(31,110,'N'),(31,120,'N'),(31,130,'N'),(31,140,'N'),(31,150,'N'),(31,160,'N'),(31,170,'N'),(31,180,'N'),(31,500,'N'),(31,510,'N'),(31,520,'N'),(31,530,'N'),(31,540,'N'),(31,550,'N'),(31,560,'N'),(31,570,'N'),(31,580,'N'),(31,590,'N'),(31,600,'N'),(31,610,'N'),(31,620,'N'),(31,630,'N'),(31,640,'N'),(31,650,'N'),(31,660,'N'),(31,670,'N'),(31,680,'N'),(31,1000,'N'),(31,1010,'N'),(31,1020,'N'),(31,1030,'N'),(31,1040,'N'),(31,1050,'N'),(31,1060,'N'),(31,1070,'N'),(31,1080,'N'),(31,1090,'N'),(31,1100,'N'),(31,1110,'N'),(31,1120,'N'),(31,1130,'N'),(31,1140,'N'),(31,1150,'N'),(31,1160,'N'),(31,1170,'N'),(31,1180,'N'),(32,10,'N'),(32,20,'N'),(32,30,'N'),(32,40,'N'),(32,50,'N'),(32,60,'N'),(32,70,'N'),(32,80,'N'),(32,90,'N'),(32,100,'N'),(32,110,'N'),(32,120,'N'),(32,130,'N'),(32,140,'N'),(32,150,'N'),(32,160,'N'),(32,170,'N'),(32,180,'N'),(32,500,'N'),(32,510,'N'),(32,520,'N'),(32,530,'N'),(32,540,'N'),(32,550,'N'),(32,560,'N'),(32,570,'N'),(32,580,'N'),(32,590,'N'),(32,600,'N'),(32,610,'N'),(32,620,'N'),(32,630,'N'),(32,640,'N'),(32,650,'N'),(32,660,'N'),(32,670,'N'),(32,680,'N'),(32,1000,'N'),(32,1010,'N'),(32,1020,'N'),(32,1030,'N'),(32,1040,'N'),(32,1050,'N'),(32,1060,'N'),(32,1070,'N'),(32,1080,'N'),(32,1090,'N'),(32,1100,'N'),(32,1110,'N'),(32,1120,'N'),(32,1130,'N'),(32,1140,'N'),(32,1150,'N'),(32,1160,'N'),(32,1170,'N'),(32,1180,'N'),(33,10,'N'),(33,20,'N'),(33,30,'N'),(33,40,'N'),(33,50,'N'),(33,60,'N'),(33,70,'N'),(33,80,'N'),(33,90,'N'),(33,100,'N'),(33,110,'N'),(33,120,'N'),(33,130,'N'),(33,140,'N'),(33,150,'N'),(33,160,'N'),(33,170,'N'),(33,180,'N'),(33,500,'N'),(33,510,'N'),(33,520,'N'),(33,530,'N'),(33,540,'N'),(33,550,'N'),(33,560,'N'),(33,570,'N'),(33,580,'N'),(33,590,'N'),(33,600,'N'),(33,610,'N'),(33,620,'N'),(33,630,'N'),(33,640,'N'),(33,650,'N'),(33,660,'N'),(33,670,'N'),(33,680,'N'),(33,1000,'N'),(33,1010,'N'),(33,1020,'N'),(33,1030,'N'),(33,1040,'N'),(33,1050,'N'),(33,1060,'N'),(33,1070,'N'),(33,1080,'N'),(33,1090,'N'),(33,1100,'N'),(33,1110,'N'),(33,1120,'N'),(33,1130,'N'),(33,1140,'N'),(33,1150,'N'),(33,1160,'N'),(33,1170,'N'),(33,1180,'N'),(34,10,'N'),(34,20,'N'),(34,30,'N'),(34,40,'N'),(34,50,'N'),(34,60,'N'),(34,70,'N'),(34,80,'N'),(34,90,'N'),(34,100,'N'),(34,110,'N'),(34,120,'N'),(34,130,'N'),(34,140,'N'),(34,150,'N'),(34,160,'N'),(34,170,'N'),(34,180,'N'),(34,500,'N'),(34,510,'N'),(34,520,'N'),(34,530,'N'),(34,540,'N'),(34,550,'N'),(34,560,'N'),(34,570,'N'),(34,580,'N'),(34,590,'N'),(34,600,'N'),(34,610,'N'),(34,620,'N'),(34,630,'N'),(34,640,'N'),(34,650,'N'),(34,660,'N'),(34,670,'N'),(34,680,'N'),(34,1000,'N'),(34,1010,'N'),(34,1020,'N'),(34,1030,'N'),(34,1040,'N'),(34,1050,'N'),(34,1060,'N'),(34,1070,'N'),(34,1080,'N'),(34,1090,'N'),(34,1100,'N'),(34,1110,'N'),(34,1120,'N'),(34,1130,'N'),(34,1140,'N'),(34,1150,'N'),(34,1160,'N'),(34,1170,'N'),(34,1180,'N'),(35,10,'N'),(35,20,'N'),(35,30,'N'),(35,40,'N'),(35,50,'N'),(35,60,'N'),(35,70,'N'),(35,80,'N'),(35,90,'N'),(35,100,'N'),(35,110,'N'),(35,120,'N'),(35,130,'N'),(35,140,'N'),(35,150,'N'),(35,160,'N'),(35,170,'N'),(35,180,'N'),(35,500,'N'),(35,510,'N'),(35,520,'N'),(35,530,'N'),(35,540,'N'),(35,550,'N'),(35,560,'N'),(35,570,'N'),(35,580,'N'),(35,590,'N'),(35,600,'N'),(35,610,'N'),(35,620,'N'),(35,630,'N'),(35,640,'N'),(35,650,'N'),(35,660,'N'),(35,670,'N'),(35,680,'N'),(35,1000,'N'),(35,1010,'N'),(35,1020,'N'),(35,1030,'N'),(35,1040,'N'),(35,1050,'N'),(35,1060,'N'),(35,1070,'N'),(35,1080,'N'),(35,1090,'N'),(35,1100,'N'),(35,1110,'N'),(35,1120,'N'),(35,1130,'N'),(35,1140,'N'),(35,1150,'N'),(35,1160,'N'),(35,1170,'N'),(35,1180,'N'),(36,10,'N'),(36,20,'N'),(36,30,'N'),(36,40,'N'),(36,50,'N'),(36,60,'N'),(36,70,'N'),(36,80,'N'),(36,90,'N'),(36,100,'N'),(36,110,'N'),(36,120,'N'),(36,130,'N'),(36,140,'N'),(36,150,'N'),(36,160,'N'),(36,170,'N'),(36,180,'N'),(36,500,'N'),(36,510,'N'),(36,520,'N'),(36,530,'N'),(36,540,'N'),(36,550,'N'),(36,560,'N'),(36,570,'N'),(36,580,'N'),(36,590,'N'),(36,600,'N'),(36,610,'N'),(36,620,'N'),(36,630,'N'),(36,640,'N'),(36,650,'N'),(36,660,'N'),(36,670,'N'),(36,680,'N'),(36,1000,'N'),(36,1010,'N'),(36,1020,'N'),(36,1030,'N'),(36,1040,'N'),(36,1050,'N'),(36,1060,'N'),(36,1070,'N'),(36,1080,'N'),(36,1090,'N'),(36,1100,'N'),(36,1110,'N'),(36,1120,'N'),(36,1130,'N'),(36,1140,'N'),(36,1150,'N'),(36,1160,'N'),(36,1170,'N'),(36,1180,'N'),(37,10,'N'),(37,20,'N'),(37,30,'N'),(37,40,'N'),(37,50,'N'),(37,60,'N'),(37,70,'N'),(37,80,'N'),(37,90,'N'),(37,100,'N'),(37,110,'N'),(37,120,'N'),(37,130,'N'),(37,140,'N'),(37,150,'N'),(37,160,'N'),(37,170,'N'),(37,180,'N'),(37,500,'N'),(37,510,'N'),(37,520,'N'),(37,530,'N'),(37,540,'N'),(37,550,'N'),(37,560,'N'),(37,570,'N'),(37,580,'N'),(37,590,'N'),(37,600,'N'),(37,610,'N'),(37,620,'N'),(37,630,'N'),(37,640,'N'),(37,650,'N'),(37,660,'N'),(37,670,'N'),(37,680,'N'),(37,1000,'N'),(37,1010,'N'),(37,1020,'N'),(37,1030,'N'),(37,1040,'N'),(37,1050,'N'),(37,1060,'N'),(37,1070,'N'),(37,1080,'N'),(37,1090,'N'),(37,1100,'N'),(37,1110,'N'),(37,1120,'N'),(37,1130,'N'),(37,1140,'N'),(37,1150,'N'),(37,1160,'N'),(37,1170,'N'),(37,1180,'N'),(38,10,'N'),(38,20,'N'),(38,30,'N'),(38,40,'N'),(38,50,'N'),(38,60,'N'),(38,70,'N'),(38,80,'N'),(38,90,'N'),(38,100,'N'),(38,110,'N'),(38,120,'N'),(38,130,'N'),(38,140,'N'),(38,150,'N'),(38,160,'N'),(38,170,'N'),(38,180,'N'),(38,500,'N'),(38,510,'N'),(38,520,'N'),(38,530,'N'),(38,540,'N'),(38,550,'N'),(38,560,'N'),(38,570,'N'),(38,580,'N'),(38,590,'N'),(38,600,'N'),(38,610,'N'),(38,620,'N'),(38,630,'N'),(38,640,'N'),(38,650,'N'),(38,660,'N'),(38,670,'N'),(38,680,'N'),(38,1000,'N'),(38,1010,'N'),(38,1020,'N'),(38,1030,'N'),(38,1040,'N'),(38,1050,'N'),(38,1060,'N'),(38,1070,'N'),(38,1080,'N'),(38,1090,'N'),(38,1100,'N'),(38,1110,'N'),(38,1120,'N'),(38,1130,'N'),(38,1140,'N'),(38,1150,'N'),(38,1160,'N'),(38,1170,'N'),(38,1180,'N'),(39,10,'N'),(39,20,'N'),(39,30,'N'),(39,40,'N'),(39,50,'N'),(39,60,'N'),(39,70,'N'),(39,80,'N'),(39,90,'N'),(39,100,'N'),(39,110,'N'),(39,120,'N'),(39,130,'N'),(39,140,'N'),(39,150,'N'),(39,160,'N'),(39,170,'N'),(39,180,'N'),(39,500,'N'),(39,510,'N'),(39,520,'N'),(39,530,'N'),(39,540,'N'),(39,550,'N'),(39,560,'N'),(39,570,'N'),(39,580,'N'),(39,590,'N'),(39,600,'N'),(39,610,'N'),(39,620,'N'),(39,630,'N'),(39,640,'N'),(39,650,'N'),(39,660,'N'),(39,670,'N'),(39,680,'N'),(39,1000,'N'),(39,1010,'N'),(39,1020,'N'),(39,1030,'N'),(39,1040,'N'),(39,1050,'N'),(39,1060,'N'),(39,1070,'N'),(39,1080,'N'),(39,1090,'N'),(39,1100,'N'),(39,1110,'N'),(39,1120,'N'),(39,1130,'N'),(39,1140,'N'),(39,1150,'N'),(39,1160,'N'),(39,1170,'N'),(39,1180,'N'),(40,10,'N'),(40,20,'N'),(40,30,'N'),(40,40,'N'),(40,50,'N'),(40,60,'N'),(40,70,'N'),(40,80,'N'),(40,90,'N'),(40,100,'N'),(40,110,'N'),(40,120,'N'),(40,130,'N'),(40,140,'N'),(40,150,'N'),(40,160,'N'),(40,170,'N'),(40,180,'N'),(40,500,'N'),(40,510,'N'),(40,520,'N'),(40,530,'N'),(40,540,'N'),(40,550,'N'),(40,560,'N'),(40,570,'N'),(40,580,'N'),(40,590,'N'),(40,600,'N'),(40,610,'N'),(40,620,'N'),(40,630,'N'),(40,640,'N'),(40,650,'N'),(40,660,'N'),(40,670,'N'),(40,680,'N'),(40,1000,'N'),(40,1010,'N'),(40,1020,'N'),(40,1030,'N'),(40,1040,'N'),(40,1050,'N'),(40,1060,'N'),(40,1070,'N'),(40,1080,'N'),(40,1090,'N'),(40,1100,'N'),(40,1110,'N'),(40,1120,'N'),(40,1130,'N'),(40,1140,'N'),(40,1150,'N'),(40,1160,'N'),(40,1170,'N'),(40,1180,'N'),(41,10,'N'),(41,20,'N'),(41,30,'N'),(41,40,'N'),(41,50,'N'),(41,60,'N'),(41,70,'N'),(41,80,'N'),(41,90,'N'),(41,100,'N'),(41,110,'N'),(41,120,'N'),(41,130,'N'),(41,140,'N'),(41,150,'N'),(41,160,'N'),(41,170,'N'),(41,180,'N'),(41,500,'N'),(41,510,'N'),(41,520,'N'),(41,530,'N'),(41,540,'N'),(41,550,'N'),(41,560,'N'),(41,570,'N'),(41,580,'N'),(41,590,'N'),(41,600,'N'),(41,610,'N'),(41,620,'N'),(41,630,'N'),(41,640,'N'),(41,650,'N'),(41,660,'N'),(41,670,'N'),(41,680,'N'),(41,1000,'N'),(41,1010,'N'),(41,1020,'N'),(41,1030,'N'),(41,1040,'N'),(41,1050,'N'),(41,1060,'N'),(41,1070,'N'),(41,1080,'N'),(41,1090,'N'),(41,1100,'N'),(41,1110,'N'),(41,1120,'N'),(41,1130,'N'),(41,1140,'N'),(41,1150,'N'),(41,1160,'N'),(41,1170,'N'),(41,1180,'N'),(42,10,'N'),(42,20,'N'),(42,30,'N'),(42,40,'N'),(42,50,'N'),(42,60,'N'),(42,70,'N'),(42,80,'N'),(42,90,'N'),(42,100,'N'),(42,110,'N'),(42,120,'N'),(42,130,'N'),(42,140,'N'),(42,150,'N'),(42,160,'N'),(42,170,'N'),(42,180,'N'),(42,500,'N'),(42,510,'N'),(42,520,'N'),(42,530,'N'),(42,540,'N'),(42,550,'N'),(42,560,'N'),(42,570,'N'),(42,580,'N'),(42,590,'N'),(42,600,'N'),(42,610,'N'),(42,620,'N'),(42,630,'N'),(42,640,'N'),(42,650,'N'),(42,660,'N'),(42,670,'N'),(42,680,'N'),(42,1000,'N'),(42,1010,'N'),(42,1020,'N'),(42,1030,'N'),(42,1040,'N'),(42,1050,'N'),(42,1060,'N'),(42,1070,'N'),(42,1080,'N'),(42,1090,'N'),(42,1100,'N'),(42,1110,'N'),(42,1120,'N'),(42,1130,'N'),(42,1140,'N'),(42,1150,'N'),(42,1160,'N'),(42,1170,'N'),(42,1180,'N'),(43,10,'N'),(43,20,'N'),(43,30,'N'),(43,40,'N'),(43,50,'N'),(43,60,'N'),(43,70,'N'),(43,80,'N'),(43,90,'N'),(43,100,'N'),(43,110,'N'),(43,120,'N'),(43,130,'N'),(43,140,'N'),(43,150,'N'),(43,160,'N'),(43,170,'N'),(43,180,'N'),(43,500,'N'),(43,510,'N'),(43,520,'N'),(43,530,'N'),(43,540,'N'),(43,550,'N'),(43,560,'N'),(43,570,'N'),(43,580,'N'),(43,590,'N'),(43,600,'N'),(43,610,'N'),(43,620,'N'),(43,630,'N'),(43,640,'N'),(43,650,'N'),(43,660,'N'),(43,670,'N'),(43,680,'N'),(43,1000,'N'),(43,1010,'N'),(43,1020,'N'),(43,1030,'N'),(43,1040,'N'),(43,1050,'N'),(43,1060,'N'),(43,1070,'N'),(43,1080,'N'),(43,1090,'N'),(43,1100,'N'),(43,1110,'N'),(43,1120,'N'),(43,1130,'N'),(43,1140,'N'),(43,1150,'N'),(43,1160,'N'),(43,1170,'N'),(43,1180,'N'),(44,10,'N'),(44,20,'N'),(44,30,'N'),(44,40,'N'),(44,50,'N'),(44,60,'N'),(44,70,'N'),(44,80,'N'),(44,90,'N'),(44,100,'N'),(44,110,'N'),(44,120,'N'),(44,130,'N'),(44,140,'N'),(44,150,'N'),(44,160,'N'),(44,170,'N'),(44,180,'N'),(44,500,'N'),(44,510,'N'),(44,520,'N'),(44,530,'N'),(44,540,'N'),(44,550,'N'),(44,560,'N'),(44,570,'N'),(44,580,'N'),(44,590,'N'),(44,600,'N'),(44,610,'N'),(44,620,'N'),(44,630,'N'),(44,640,'N'),(44,650,'N'),(44,660,'N'),(44,670,'N'),(44,680,'N'),(44,1000,'N'),(44,1010,'N'),(44,1020,'N'),(44,1030,'N'),(44,1040,'N'),(44,1050,'N'),(44,1060,'N'),(44,1070,'N'),(44,1080,'N'),(44,1090,'N'),(44,1100,'N'),(44,1110,'N'),(44,1120,'N'),(44,1130,'N'),(44,1140,'N'),(44,1150,'N'),(44,1160,'N'),(44,1170,'N'),(44,1180,'N'),(45,10,'N'),(45,20,'N'),(45,30,'N'),(45,40,'N'),(45,50,'N'),(45,60,'N'),(45,70,'N'),(45,80,'N'),(45,90,'N'),(45,100,'N'),(45,110,'N'),(45,120,'N'),(45,130,'N'),(45,140,'N'),(45,150,'N'),(45,160,'N'),(45,170,'N'),(45,180,'N'),(45,500,'N'),(45,510,'N'),(45,520,'N'),(45,530,'N'),(45,540,'N'),(45,550,'N'),(45,560,'N'),(45,570,'N'),(45,580,'N'),(45,590,'N'),(45,600,'N'),(45,610,'N'),(45,620,'N'),(45,630,'N'),(45,640,'N'),(45,650,'N'),(45,660,'N'),(45,670,'N'),(45,680,'N'),(45,1000,'N'),(45,1010,'N'),(45,1020,'N'),(45,1030,'N'),(45,1040,'N'),(45,1050,'N'),(45,1060,'N'),(45,1070,'N'),(45,1080,'N'),(45,1090,'N'),(45,1100,'N'),(45,1110,'N'),(45,1120,'N'),(45,1130,'N'),(45,1140,'N'),(45,1150,'N'),(45,1160,'N'),(45,1170,'N'),(45,1180,'N'),(46,10,'N'),(46,20,'N'),(46,30,'N'),(46,40,'N'),(46,50,'N'),(46,60,'N'),(46,70,'N'),(46,80,'N'),(46,90,'N'),(46,100,'N'),(46,110,'N'),(46,120,'N'),(46,130,'N'),(46,140,'N'),(46,150,'N'),(46,160,'N'),(46,170,'N'),(46,180,'N'),(46,500,'N'),(46,510,'N'),(46,520,'N'),(46,530,'N'),(46,540,'N'),(46,550,'N'),(46,560,'N'),(46,570,'N'),(46,580,'N'),(46,590,'N'),(46,600,'N'),(46,610,'N'),(46,620,'N'),(46,630,'N'),(46,640,'N'),(46,650,'N'),(46,660,'N'),(46,670,'N'),(46,680,'N'),(46,1000,'N'),(46,1010,'N'),(46,1020,'N'),(46,1030,'N'),(46,1040,'N'),(46,1050,'N'),(46,1060,'N'),(46,1070,'N'),(46,1080,'N'),(46,1090,'N'),(46,1100,'N'),(46,1110,'N'),(46,1120,'N'),(46,1130,'N'),(46,1140,'N'),(46,1150,'N'),(46,1160,'N'),(46,1170,'N'),(46,1180,'N'),(47,10,'N'),(47,20,'N'),(47,30,'N'),(47,40,'N'),(47,50,'N'),(47,60,'N'),(47,70,'N'),(47,80,'N'),(47,90,'N'),(47,100,'N'),(47,110,'N'),(47,120,'N'),(47,130,'N'),(47,140,'N'),(47,150,'N'),(47,160,'N'),(47,170,'N'),(47,180,'N'),(47,500,'N'),(47,510,'N'),(47,520,'N'),(47,530,'N'),(47,540,'N'),(47,550,'N'),(47,560,'N'),(47,570,'N'),(47,580,'N'),(47,590,'N'),(47,600,'N'),(47,610,'N'),(47,620,'N'),(47,630,'N'),(47,640,'N'),(47,650,'N'),(47,660,'N'),(47,670,'N'),(47,680,'N'),(47,1000,'N'),(47,1010,'N'),(47,1020,'N'),(47,1030,'N'),(47,1040,'N'),(47,1050,'N'),(47,1060,'N'),(47,1070,'N'),(47,1080,'N'),(47,1090,'N'),(47,1100,'N'),(47,1110,'N'),(47,1120,'N'),(47,1130,'N'),(47,1140,'N'),(47,1150,'N'),(47,1160,'N'),(47,1170,'N'),(47,1180,'N'),(48,10,'N'),(48,20,'N'),(48,30,'N'),(48,40,'N'),(48,50,'N'),(48,60,'N'),(48,70,'N'),(48,80,'N'),(48,90,'N'),(48,100,'N'),(48,110,'N'),(48,120,'N'),(48,130,'N'),(48,140,'N'),(48,150,'N'),(48,160,'N'),(48,170,'N'),(48,180,'N'),(48,500,'N'),(48,510,'N'),(48,520,'N'),(48,530,'N'),(48,540,'N'),(48,550,'N'),(48,560,'N'),(48,570,'N'),(48,580,'N'),(48,590,'N'),(48,600,'N'),(48,610,'N'),(48,620,'N'),(48,630,'N'),(48,640,'N'),(48,650,'N'),(48,660,'N'),(48,670,'N'),(48,680,'N'),(48,1000,'N'),(48,1010,'N'),(48,1020,'N'),(48,1030,'N'),(48,1040,'N'),(48,1050,'N'),(48,1060,'N'),(48,1070,'N'),(48,1080,'N'),(48,1090,'N'),(48,1100,'N'),(48,1110,'N'),(48,1120,'N'),(48,1130,'N'),(48,1140,'N'),(48,1150,'N'),(48,1160,'N'),(48,1170,'N'),(48,1180,'N'),(49,10,'N'),(49,20,'N'),(49,30,'N'),(49,40,'N'),(49,50,'N'),(49,60,'N'),(49,70,'N'),(49,80,'N'),(49,90,'N'),(49,100,'N'),(49,110,'N'),(49,120,'N'),(49,130,'N'),(49,140,'N'),(49,150,'N'),(49,160,'N'),(49,170,'N'),(49,180,'N'),(49,500,'N'),(49,510,'N'),(49,520,'N'),(49,530,'N'),(49,540,'N'),(49,550,'N'),(49,560,'N'),(49,570,'N'),(49,580,'N'),(49,590,'N'),(49,600,'N'),(49,610,'N'),(49,620,'N'),(49,630,'N'),(49,640,'N'),(49,650,'N'),(49,660,'N'),(49,670,'N'),(49,680,'N'),(49,1000,'N'),(49,1010,'N'),(49,1020,'N'),(49,1030,'N'),(49,1040,'N'),(49,1050,'N'),(49,1060,'N'),(49,1070,'N'),(49,1080,'N'),(49,1090,'N'),(49,1100,'N'),(49,1110,'N'),(49,1120,'N'),(49,1130,'N'),(49,1140,'N'),(49,1150,'N'),(49,1160,'N'),(49,1170,'N'),(49,1180,'N'),(50,10,'N'),(50,20,'N'),(50,30,'N'),(50,40,'N'),(50,50,'N'),(50,60,'N'),(50,70,'N'),(50,80,'N'),(50,90,'N'),(50,100,'N'),(50,110,'N'),(50,120,'N'),(50,130,'N'),(50,140,'N'),(50,150,'N'),(50,160,'N'),(50,170,'N'),(50,180,'N'),(50,500,'N'),(50,510,'N'),(50,520,'N'),(50,530,'N'),(50,540,'N'),(50,550,'N'),(50,560,'N'),(50,570,'N'),(50,580,'N'),(50,590,'N'),(50,600,'N'),(50,610,'N'),(50,620,'N'),(50,630,'N'),(50,640,'N'),(50,650,'N'),(50,660,'N'),(50,670,'N'),(50,680,'N'),(50,1000,'N'),(50,1010,'N'),(50,1020,'N'),(50,1030,'N'),(50,1040,'N'),(50,1050,'N'),(50,1060,'N'),(50,1070,'N'),(50,1080,'N'),(50,1090,'N'),(50,1100,'N'),(50,1110,'N'),(50,1120,'N'),(50,1130,'N'),(50,1140,'N'),(50,1150,'N'),(50,1160,'N'),(50,1170,'N'),(50,1180,'N'),(51,10,'N'),(51,20,'N'),(51,30,'N'),(51,40,'N'),(51,50,'N'),(51,60,'N'),(51,70,'N'),(51,80,'N'),(51,90,'N'),(51,100,'N'),(51,110,'N'),(51,120,'N'),(51,130,'N'),(51,140,'N'),(51,150,'N'),(51,160,'N'),(51,170,'N'),(51,180,'N'),(51,500,'N'),(51,510,'N'),(51,520,'N'),(51,530,'N'),(51,540,'N'),(51,550,'N'),(51,560,'N'),(51,570,'N'),(51,580,'N'),(51,590,'N'),(51,600,'N'),(51,610,'N'),(51,620,'N'),(51,630,'N'),(51,640,'N'),(51,650,'N'),(51,660,'N'),(51,670,'N'),(51,680,'N'),(51,1000,'N'),(51,1010,'N'),(51,1020,'N'),(51,1030,'N'),(51,1040,'N'),(51,1050,'N'),(51,1060,'N'),(51,1070,'N'),(51,1080,'N'),(51,1090,'N'),(51,1100,'N'),(51,1110,'N'),(51,1120,'N'),(51,1130,'N'),(51,1140,'N'),(51,1150,'N'),(51,1160,'N'),(51,1170,'N'),(51,1180,'N'),(52,10,'N'),(52,20,'N'),(52,30,'N'),(52,40,'N'),(52,50,'N'),(52,60,'N'),(52,70,'N'),(52,80,'N'),(52,90,'N'),(52,100,'N'),(52,110,'N'),(52,120,'N'),(52,130,'N'),(52,140,'N'),(52,150,'N'),(52,160,'N'),(52,170,'N'),(52,180,'N'),(52,500,'N'),(52,510,'N'),(52,520,'N'),(52,530,'N'),(52,540,'N'),(52,550,'N'),(52,560,'N'),(52,570,'N'),(52,580,'N'),(52,590,'N'),(52,600,'N'),(52,610,'N'),(52,620,'N'),(52,630,'N'),(52,640,'N'),(52,650,'N'),(52,660,'N'),(52,670,'N'),(52,680,'N'),(52,1000,'N'),(52,1010,'N'),(52,1020,'N'),(52,1030,'N'),(52,1040,'N'),(52,1050,'N'),(52,1060,'N'),(52,1070,'N'),(52,1080,'N'),(52,1090,'N'),(52,1100,'N'),(52,1110,'N'),(52,1120,'N'),(52,1130,'N'),(52,1140,'N'),(52,1150,'N'),(52,1160,'N'),(52,1170,'N'),(52,1180,'N');
/*!40000 ALTER TABLE `permissions` ENABLE KEYS */;
UNLOCK TABLES;

--
-- Table structure for table `preferences`
--

DROP TABLE IF EXISTS `preferences`;
/*!40101 SET @saved_cs_client     = @@character_set_client */;
/*!40101 SET character_set_client = utf8 */;
CREATE TABLE `preferences` (
  `user_id` int(11) NOT NULL,
  `subject_id` int(4) NOT NULL,
  PRIMARY KEY (`user_id`,`subject_id`),
  KEY `user_id` (`user_id`),
  KEY `subject_id` (`subject_id`),
  CONSTRAINT `preferences_ibfk_1` FOREIGN KEY (`user_id`) REFERENCES `user_reg` (`user_id`) ON DELETE CASCADE ON UPDATE CASCADE,
  CONSTRAINT `preferences_ibfk_2` FOREIGN KEY (`subject_id`) REFERENCES `topics` (`subject_id`) ON DELETE CASCADE ON UPDATE CASCADE
) ENGINE=InnoDB DEFAULT CHARSET=latin1;
/*!40101 SET character_set_client = @saved_cs_client */;

--
-- Dumping data for table `preferences`
--

LOCK TABLES `preferences` WRITE;
/*!40000 ALTER TABLE `preferences` DISABLE KEYS */;
INSERT INTO `preferences` VALUES (28,30),(28,40),(28,50),(28,90),(28,110),(28,120),(28,500),(28,520),(28,530),(28,540),(28,560),(28,570),(28,580),(28,600),(28,610),(28,640),(28,1000),(28,1010),(28,1040),(28,1070),(28,1080),(28,1120),(28,1130),(28,1140),(28,1150),(28,1160),(28,1170),(28,1180),(29,10),(29,30),(29,40),(29,50),(29,70),(29,80),(29,90),(29,100),(29,110),(29,120),(29,500),(29,510),(29,520),(29,530),(29,540),(29,550),(29,560),(29,570),(29,580),(29,590),(29,600),(29,610),(29,1010),(29,1030),(29,1040),(29,1050),(29,1060),(29,1070),(29,1080),(29,1090),(29,1100),(29,1110),(30,30),(30,40),(30,90),(30,100),(30,110),(30,120),(30,500),(30,510),(30,520),(30,560),(30,570),(30,610),(30,1000),(30,1010),(30,1020),(30,1040),(30,1050),(30,1070),(31,10),(31,30),(31,40),(31,60),(31,100),(31,120),(31,510),(31,520),(31,530),(31,540),(31,560),(31,570),(31,1030),(31,1040),(31,1050),(31,1070),(31,1080),(31,1170),(32,10),(32,30),(32,50),(32,70),(32,90),(32,110),(32,560),(32,570),(32,580),(32,590),(32,600),(32,610),(32,1000),(32,1030),(32,1040),(32,1070),(32,1080),(32,1110),(33,10),(33,20),(33,30),(33,50),(33,60),(33,70),(33,80),(33,90),(33,100),(33,110),(33,120),(33,500),(33,510),(33,520),(33,530),(33,540),(33,550),(33,560),(33,570),(33,600),(33,610),(33,620),(33,640),(33,1000),(33,1010),(33,1030),(33,1040),(33,1050),(33,1060),(33,1070),(33,1080),(33,1160),(33,1170),(33,1180),(35,10),(35,20),(35,30),(35,40),(35,60),(35,70),(35,80),(35,90),(35,100),(35,110),(35,120),(35,500),(35,510),(35,520),(35,530),(35,540),(35,550),(35,560),(35,570),(35,600),(35,610),(35,620),(35,1000),(35,1010),(35,1020),(35,1030),(35,1040),(35,1050),(35,1060),(35,1070),(35,1080),(35,1160),(35,1170),(35,1180),(36,30),(36,40),(36,50),(36,60),(36,90),(36,100),(36,120),(36,500),(36,520),(36,550),(36,560),(36,570),(36,600),(36,610),(36,1000),(36,1030),(36,1040),(36,1050),(36,1060),(36,1070),(36,1080),(36,1090),(36,1100),(36,1110),(37,30),(37,40),(37,50),(37,70),(37,90),(37,100),(37,510),(37,520),(37,540),(37,560),(37,590),(37,610),(37,1000),(37,1010),(37,1020),(37,1090),(37,1100),(37,1110),(39,30),(39,40),(39,70),(39,90),(39,100),(39,120),(39,500),(39,520),(39,560),(39,580),(39,600),(39,610),(39,1010),(39,1020),(39,1050),(39,1060),(39,1070),(39,1100),(40,10),(40,30),(40,70),(40,80),(40,100),(40,120),(40,500),(40,510),(40,530),(40,550),(40,560),(40,580),(40,1010),(40,1030),(40,1040),(40,1070),(40,1100),(40,1110),(41,10),(41,30),(41,90),(41,100),(41,110),(41,120),(41,500),(41,530),(41,550),(41,560),(41,570),(41,580),(41,1040),(41,1050),(41,1060),(41,1070),(41,1080),(41,1100),(42,30),(42,50),(42,60),(42,70),(42,80),(42,90),(42,100),(42,110),(42,120),(42,500),(42,520),(42,550),(42,560),(42,570),(42,580),(42,610),(42,1010),(42,1020),(42,1030),(42,1050),(42,1100),(42,1110),(43,30),(43,40),(43,50),(43,60),(43,100),(43,110),(43,120),(43,520),(43,530),(43,550),(43,560),(43,570),(43,580),(43,1000),(43,1030),(43,1040),(43,1050),(43,1060),(43,1070),(43,1080),(43,1090),(43,1110),(44,10),(44,20),(44,30),(44,40),(44,50),(44,60),(44,70),(44,80),(44,90),(44,100),(44,110),(44,120),(44,500),(44,510),(44,520),(44,530),(44,540),(44,550),(44,570),(44,610),(44,1000),(44,1010),(44,1020),(44,1030),(44,1040),(44,1050),(44,1060),(44,1070),(44,1080),(44,1090),(44,1100),(44,1110),(45,30),(45,40),(45,90),(45,100),(45,110),(45,120),(45,500),(45,520),(45,560),(45,570),(45,590),(45,610),(45,1010),(45,1030),(45,1040),(45,1070),(45,1080),(45,1110),(46,30),(46,40),(46,60),(46,80),(46,90),(46,110),(46,120),(46,520),(46,530),(46,540),(46,570),(46,590),(46,610),(46,1010),(46,1030),(46,1040),(46,1070),(46,1080),(46,1100),(46,1110),(47,30),(47,40),(47,70),(47,90),(47,100),(47,110),(47,500),(47,520),(47,540),(47,560),(47,610),(47,620),(47,1000),(47,1010),(47,1020),(47,1030),(47,1040),(47,1050),(48,30),(48,40),(48,90),(48,100),(48,110),(48,120),(48,520),(48,530),(48,570),(48,600),(48,610),(48,620),(48,1000),(48,1010),(48,1030),(48,1040),(48,1070),(48,1180),(49,30),(49,50),(49,60),(49,90),(49,100),(49,120),(49,520),(49,530),(49,550),(49,600),(49,610),(49,620),(49,1000),(49,1010),(49,1020),(49,1030),(49,1040),(49,1060),(49,1070),(50,20),(50,30),(50,40),(50,50),(50,60),(50,90),(50,110),(50,120),(50,500),(50,520),(50,530),(50,540),(50,560),(50,570),(50,580),(50,600),(50,610),(50,620),(50,630),(50,640),(50,1000),(50,1010),(50,1040),(50,1070),(50,1080),(50,1120),(50,1130),(50,1140),(50,1150),(50,1160),(50,1170),(50,1180),(51,30),(51,40),(51,60),(51,90),(51,110),(51,120),(51,500),(51,520),(51,530),(51,560),(51,570),(51,610),(51,1000),(51,1010),(51,1040),(51,1070),(51,1080),(51,1160),(52,30),(52,70),(52,90),(52,100),(52,110),(52,120),(52,500),(52,510),(52,520),(52,530),(52,540),(52,550),(52,560),(52,570),(52,600),(52,610),(52,620),(52,640),(52,1000),(52,1010),(52,1020),(52,1030),(52,1040),(52,1050),(52,1060),(52,1070),(52,1080),(52,1160),(52,1170),(52,1180);
/*!40000 ALTER TABLE `preferences` ENABLE KEYS */;
UNLOCK TABLES;

--
-- Table structure for table `seen`
--

DROP TABLE IF EXISTS `seen`;
/*!40101 SET @saved_cs_client     = @@character_set_client */;
/*!40101 SET character_set_client = utf8 */;
CREATE TABLE `seen` (
  `user_id` int(11) NOT NULL,
  `subject_id` int(4) NOT NULL,
  `count` int(4) NOT NULL,
  PRIMARY KEY (`user_id`,`subject_id`),
  KEY `user_id` (`user_id`),
  KEY `subject_id` (`subject_id`),
  CONSTRAINT `seen_ibfk_1` FOREIGN KEY (`user_id`) REFERENCES `user_reg` (`user_id`) ON DELETE CASCADE ON UPDATE CASCADE,
  CONSTRAINT `seen_ibfk_2` FOREIGN KEY (`subject_id`) REFERENCES `topics` (`subject_id`) ON DELETE CASCADE ON UPDATE CASCADE
) ENGINE=InnoDB DEFAULT CHARSET=latin1;
/*!40101 SET character_set_client = @saved_cs_client */;

--
-- Dumping data for table `seen`
--

LOCK TABLES `seen` WRITE;
/*!40000 ALTER TABLE `seen` DISABLE KEYS */;
INSERT INTO `seen` VALUES (1,100,1),(1,130,1),(1,600,1),(28,10,1),(28,20,3),(28,40,2),(28,50,1),(28,60,1),(28,70,1),(28,90,2),(28,100,3),(28,150,1),(28,170,2),(28,180,1),(28,510,1),(28,580,1),(28,610,1),(28,620,1),(28,640,1),(28,670,2),(28,680,1),(28,1010,1),(28,1040,1),(28,1060,1),(28,1070,1),(28,1080,3),(28,1130,1),(28,1150,1),(28,1160,1),(28,1170,1),(28,1180,3),(29,1110,1),(31,10,2),(31,20,1),(31,40,2),(31,100,1),(31,640,2),(31,1160,1),(31,1170,3),(31,1180,1),(33,10,1),(33,20,2),(33,50,2),(33,60,1),(33,70,4),(33,80,1),(33,510,2),(33,540,3),(33,550,2),(33,600,1),(33,640,2),(33,1020,3),(33,1100,2),(33,1110,3),(33,1160,2),(33,1170,2),(33,1180,1),(35,10,1),(35,20,1),(35,30,3),(35,40,2),(35,50,2),(35,60,1),(35,70,1),(35,80,1),(35,90,1),(35,100,1),(35,110,4),(35,120,1),(35,130,1),(35,140,1),(35,160,1),(35,500,1),(35,510,1),(35,520,1),(35,530,1),(35,560,1),(35,570,2),(35,580,1),(35,610,2),(35,640,1),(35,1000,3),(35,1010,1),(35,1050,1),(35,1070,2),(35,1080,1),(35,1160,1),(35,1170,1),(35,1180,1),(36,30,3),(36,60,1),(36,70,1),(36,80,1),(36,120,2),(36,520,2),(36,550,1),(36,570,1),(36,1000,2),(36,1010,3),(37,30,1),(37,60,1),(37,110,1),(37,120,7),(37,520,4),(37,540,1),(37,570,2),(37,610,4),(37,1000,5),(37,1010,5),(37,1070,2),(39,10,2),(39,50,4),(39,60,2),(39,70,1),(39,80,2),(39,540,3),(39,550,3),(39,580,3),(39,600,2),(39,640,1),(39,1020,3),(39,1100,1),(39,1110,2),(39,1160,2),(39,1170,2),(39,1180,2),(40,30,2),(40,40,1),(40,120,1),(40,520,1),(40,1000,3),(40,1010,2),(41,100,1),(41,110,1),(41,530,1),(41,560,1),(41,570,4),(42,500,2),(42,530,1),(42,560,1),(44,40,1),(44,50,1),(44,60,1),(44,70,1),(44,80,2),(44,110,2),(44,130,1),(44,140,1),(44,150,1),(44,160,2),(44,170,1),(44,180,2),(44,500,3),(44,520,1),(44,540,1),(44,550,2),(44,570,3),(44,590,1),(44,600,1),(44,610,1),(44,620,4),(44,640,1),(44,650,1),(44,660,1),(44,670,1),(44,680,1),(44,1010,1),(44,1020,1),(44,1030,1),(44,1050,1),(44,1060,7),(44,1070,1),(44,1080,1),(44,1090,1),(44,1100,2),(44,1110,2),(44,1120,1),(44,1130,2),(44,1150,3),(44,1160,2),(44,1170,2),(44,1180,1),(46,10,2),(46,20,2),(46,30,2),(46,40,1),(46,50,1),(46,90,1),(46,110,2),(46,120,1),(46,150,1),(46,170,3),(46,180,2),(46,510,1),(46,520,3),(46,570,1),(46,580,1),(46,610,5),(46,620,2),(46,640,1),(46,670,1),(46,680,2),(46,1000,1),(46,1010,2),(46,1030,2),(46,1060,1),(46,1070,1),(46,1130,1),(46,1150,2),(46,1160,1),(47,10,2),(47,50,1),(47,70,1),(47,150,1),(47,170,1),(47,510,1),(47,620,2),(47,670,1),(47,1060,1),(47,1100,1),(47,1150,1),(47,1160,1),(47,1170,1),(50,10,2),(50,20,1),(50,50,1),(50,150,1),(50,170,2),(50,180,2),(50,620,1),(50,670,1),(50,680,1),(50,1060,1),(50,1130,1),(50,1150,1),(50,1160,1),(50,1170,1),(50,1180,2),(52,30,2),(52,60,1),(52,70,3),(52,80,1),(52,100,1),(52,110,6),(52,120,4),(52,150,2),(52,170,1),(52,500,1),(52,520,2),(52,540,1),(52,550,1),(52,570,4),(52,610,3),(52,670,1),(52,1000,4),(52,1010,5),(52,1030,2),(52,1060,1),(52,1070,7),(52,1080,2),(52,1130,5),(52,1150,1);
/*!40000 ALTER TABLE `seen` ENABLE KEYS */;
UNLOCK TABLES;

--
-- Table structure for table `topics`
--

DROP TABLE IF EXISTS `topics`;
/*!40101 SET @saved_cs_client     = @@character_set_client */;
/*!40101 SET character_set_client = utf8 */;
CREATE TABLE `topics` (
  `subject_id` int(4) NOT NULL,
  `subject` varchar(15) NOT NULL,
  `topic` varchar(40) NOT NULL,
  `sub_topic` varchar(100) NOT NULL,
  `type1` varchar(10) NOT NULL,
  `present` varchar(1) NOT NULL DEFAULT 'y',
  `description` longtext,
  `day` int(1) NOT NULL DEFAULT '0',
  `likes` int(11) NOT NULL DEFAULT '0',
  PRIMARY KEY (`subject_id`),
  UNIQUE KEY `subject_id` (`subject_id`)
) ENGINE=InnoDB DEFAULT CHARSET=latin1;
/*!40101 SET character_set_client = @saved_cs_client */;

--
-- Dumping data for table `topics`
--

LOCK TABLES `topics` WRITE;
/*!40000 ALTER TABLE `topics` DISABLE KEYS */;
INSERT INTO `topics` VALUES (10,'English','Nouns','Gendered Nouns','Lesson','y','',0,1),(20,'English','Nouns','Countable and uncountable nouns','Lesson','y','',0,1),(30,'English','Direct and Indirect Speech','Direct and indirect speech','Lesson','y','',0,1),(40,'English','Adverbs','Adverbs','Lesson','y','',0,1),(50,'English','Apostrophe','Apostrophe','Lesson','y','',0,1),(60,'English','Articles','Articles','Lesson','y','',0,0),(70,'English','Adjectives','Adjectives','Lesson','y','',0,0),(80,'English','Nouns','Collective Nouns','Lesson','y','',0,0),(90,'English','Prepositions','Prepositions','Lesson','y','',0,1),(100,'English','Conjunctions','Conjunctions','Lesson','y','',0,1),(110,'English','Adjectives','Degrees of comparison','Lesson','y','',0,2),(120,'English','Active and Passive Voice','Active and Passive Voice','Lesson','y','',0,1),(130,'English','Adverbs','Adverb placement','Lesson','y',NULL,1,1),(140,'English','Miscellaneous','Common Errors','Lesson','y',NULL,1,0),(150,'English','Miscellaneous','Indianisms','Lesson','y',NULL,2,2),(160,'English','Nouns','Compund Nouns','Lesson','y',NULL,1,1),(170,'English','Pronouns','Pronouns','Lesson','y',NULL,2,1),(180,'English','Nouns','Singular and Plural','Lesson','y',NULL,2,1),(500,'Maths','Arithmetic','Types of Numbers','Lesson','y','',0,0),(510,'Maths','Geometry','Area and perimeter of a rectangle','Lesson','y','',0,1),(520,'Maths','Arithmetic','Integers','Lesson','y','',0,0),(530,'Maths','Geometry','Mensuration of plane figures','Lesson','y','',0,0),(540,'Maths','Arithmetic','Comparing fractions','Lesson','y','',0,0),(550,'Maths','Arithmetic','Factors and Multiples','Lesson','y','',0,0),(560,'Maths','Arithmetic','Prime Factorization + HCF','Lesson','y','',0,0),(570,'Maths','Algebra','Linear Equations word problems','Lesson','y','',0,0),(580,'Maths','Geometry','Area, circumference of circle + volume of cylinder','Lesson','y','',0,1),(590,'Maths','Arithmetic','Factorization','Lesson','y','',1,0),(600,'Maths','Arithmetic','Exponents','Lesson','y','',0,0),(610,'Maths','Arithmetic','BODMAS','Lesson','y','',0,0),(620,'Maths','Geometry','Area and circumference of a circle','Lesson','y','',2,1),(630,'Maths','Geometry','Symmetry','Lesson','y','',0,0),(640,'Maths','Geometry','Congruency','Lesson','y','',0,1),(650,'Maths','Arithmetic','Indian and International Number System','Lesson','y',NULL,1,0),(660,'Maths','Arithmetic','Types of Graphs','Lesson','y',NULL,1,1),(670,'Maths','Arithmetic','Prime Numbers','Lesson','y',NULL,2,1),(680,'Maths','Algebra','Variables','Lesson','y',NULL,2,1),(1000,'Science','Biology','Air','Lesson','y','',0,1),(1010,'Science','Biology','Health and Hygiene (Diseases + Good and Bad Bacteria)','Lesson','y','',0,0),(1020,'Science','Chemistry','Pollution','Lesson','y','',0,0),(1030,'Science','Physics','Sound','Lesson','y','',0,0),(1040,'Science','Physics','Transfer of heat','Lesson','y','',0,0),(1050,'Science','Chemistry','Metals and non-metals','Lesson','y','',1,0),(1060,'Science','Biology','Cell','Lesson','y','',2,1),(1070,'Science','Physics','Electricity and Circuits','Lesson','y','',0,0),(1080,'Science','Chemistry','Acids, Bases and Salts','Lesson','y','',0,1),(1090,'Science','Biology','Skeleton','Lesson','y','',1,0),(1100,'Science','Biology','Digestion','Lesson','y','',0,0),(1110,'Science','Physics','Force','Lesson','y','',0,0),(1120,'Science','Biology','Introduction to Plants','Lesson','y','',1,0),(1130,'Science','Biology','Deficiency Diseases','Lesson','y','',2,1),(1140,'Science','Chemistry','Fiber to Fabric','Lesson','y','',0,0),(1150,'Science','Chemistry','Separation of Substances','Lesson','y','',2,1),(1160,'Science','Biology','Photosynthesis','Lesson','y','',0,1),(1170,'Science','Biology','Respiration in Animals','Lesson','y','',0,1),(1180,'Science','Biology','Heart','Lesson','y','',0,1);
/*!40000 ALTER TABLE `topics` ENABLE KEYS */;
UNLOCK TABLES;

--
-- Table structure for table `user_reg`
--

DROP TABLE IF EXISTS `user_reg`;
/*!40101 SET @saved_cs_client     = @@character_set_client */;
/*!40101 SET character_set_client = utf8 */;
CREATE TABLE `user_reg` (
  `user_id` int(11) NOT NULL AUTO_INCREMENT,
  `user_fn` varchar(20) NOT NULL,
  `user_ln` varchar(20) DEFAULT NULL,
  `user_pn` varchar(40) DEFAULT NULL,
  `user_email` varchar(255) NOT NULL,
  `user_pass` varchar(20) DEFAULT '123456',
  `user_contact` varchar(30) NOT NULL DEFAULT '0',
  `user_std` int(2) NOT NULL,
  `user_board` varchar(6) NOT NULL,
  PRIMARY KEY (`user_id`)
) ENGINE=InnoDB AUTO_INCREMENT=53 DEFAULT CHARSET=latin1;
/*!40101 SET character_set_client = @saved_cs_client */;

--
-- Dumping data for table `user_reg`
--

LOCK TABLES `user_reg` WRITE;
/*!40000 ALTER TABLE `user_reg` DISABLE KEYS */;
INSERT INTO `user_reg` VALUES (1,'Admin','','','admin@laughguru.com','lgadmin','0',10,'LG'),(28,'Divya','Nair','Preeta Nair','preetanair30@gmail.com','divya12345','7738937979',8,'CBSE'),(29,'Saee','Sakhalkar','Namrata Sakhalkar','saeestella@gmail.com','saee12345','9892597831',8,'ICSE'),(30,'Raagini','Daga','Mamta Daga','mamtadaga72@gmail.com','raagini12345','9004008864',7,'ICSE'),(31,'Rishi','Thakkar','Pinky Thakkar','pinkyjayesh@gmail.com','rishi12345','9820590955',8,'SSC'),(32,'Ashok','Deb','Nita Deb','nita@rowdyrascals.in','ashok12345','9820081896',9,'ICSE'),(33,'Nabeel','Khan','-','aamna.was@gmail.com','nabeel12345','9769503268',6,'SSC'),(34,'Upasana','Kartik','Priya Kartik','priyakg74@gmail.com','upasana12345','9404647476',8,'CBSE'),(35,'Krutharth','Pandit','Medha Pandit','krutarth@vsnl.net','krutharth12345','9820308768',9,'SSC'),(36,'Sanjana','Agarwal','Varsha Agarwal','agarwalvarsha@live.com','sanjana12345','9820197765',6,'ICSE'),(37,'Namrata','Jalan','Shilpa Jalan','jalanshilpa@gmail.com','namrata12345','9920058222',6,'ICSE'),(38,'Omkar','Brid','Preeti Brid','reachpreet20@gmail','omkar12345','9833253640',8,'ICSE'),(39,'Mahek','Sanghvi','Anuradha Sanghvi','mehul.sanghavi@rediffmail.com','mahek12345','9323072869',7,'ICSE'),(40,'Vedant','Chavan','Minal Chavan','minalsc23@yahoo.co.in','vedant12345','9821510504, 9920205007',8,'ICSE'),(41,'Tuhin','Rajan','Anu SK Rajan','anuskrajan@gmail.com','tuhin12345','02223703070, 02223781754',8,'ICSE'),(42,'Kanupriya','Bhadech','Pooja Bhadech','puujjee@gmail.com','kanupriya12345','9892292212',7,'IGCSE'),(43,'Mehek','Kharbanda','Simi','shabarip@hotmail.com','mehek12345','9820610144',7,'ICSE'),(44,'Krupa','Bhat','Kavita Bhat','kabbukavita27@gmail.com','krupa12345','9920070006',7,'IGCSE'),(45,'Smit','Shah','Vaishali Shah','vsmit123@yahoo.co.in','smit12345','9833007407',5,'IGCSE'),(46,'Rishika','Diwan','Shikha Diwan','shikhapro@yahoo.com','rishika12345','9320922223',6,'ICSE'),(47,'Crezel','Crasto','Agnelo crasto','marina_cres@yahoo.co.in','crezel12345','9004048648',7,'SSC'),(48,'Zoe','Dewey','Suzan Dewey','lilstar_769@yahoo.com','zoe12345','9833580459',8,'SSC'),(49,'Fiona','Dewey','Suzan Dewey','adewey9833@gmail.com','fiona12345','9833580459',7,'SSC'),(50,'Aaron','Menezes','Anita Menezes','aaronrockmenezes@gmail.com','aaron12345','9820707244',6,'CBSE'),(51,'Niranjana','Joshi','Radha Joshi','jradha@ymail.com','niranjana12345','',6,'SSC'),(52,'Shayna',' Goveas','Fay Goveas','goveasfay@yahoo.co.in','shayna12345','9870527999',7,'SSC');
/*!40000 ALTER TABLE `user_reg` ENABLE KEYS */;
UNLOCK TABLES;

--
-- Table structure for table `user_temp`
--

DROP TABLE IF EXISTS `user_temp`;
/*!40101 SET @saved_cs_client     = @@character_set_client */;
/*!40101 SET character_set_client = utf8 */;
CREATE TABLE `user_temp` (
  `code` varchar(50) NOT NULL,
  `user_name` varchar(20) NOT NULL,
  `user_email` varchar(255) NOT NULL,
  `user_pass` varchar(20) NOT NULL,
  PRIMARY KEY (`user_email`)
) ENGINE=InnoDB DEFAULT CHARSET=latin1;
/*!40101 SET character_set_client = @saved_cs_client */;

--
-- Dumping data for table `user_temp`
--

LOCK TABLES `user_temp` WRITE;
/*!40000 ALTER TABLE `user_temp` DISABLE KEYS */;
/*!40000 ALTER TABLE `user_temp` ENABLE KEYS */;
UNLOCK TABLES;
/*!40103 SET TIME_ZONE=@OLD_TIME_ZONE */;

/*!40101 SET SQL_MODE=@OLD_SQL_MODE */;
/*!40014 SET FOREIGN_KEY_CHECKS=@OLD_FOREIGN_KEY_CHECKS */;
/*!40014 SET UNIQUE_CHECKS=@OLD_UNIQUE_CHECKS */;
/*!40101 SET CHARACTER_SET_CLIENT=@OLD_CHARACTER_SET_CLIENT */;
/*!40101 SET CHARACTER_SET_RESULTS=@OLD_CHARACTER_SET_RESULTS */;
/*!40101 SET COLLATION_CONNECTION=@OLD_COLLATION_CONNECTION */;
/*!40111 SET SQL_NOTES=@OLD_SQL_NOTES */;

-- Dump completed on 2014-07-06 22:54:03
